TICKET_ID,SUBMIT_DATE,CLOSED_DATE,LAST_RESOLVED_DATE,SERVICE_TYPE,REPORTED_SOURCE_ID,PORTAL_TICKET_ID,SIGMA_TICKET_ID,SUBMITTER,LAST_MODIFICATION_DATE,STATUS_ID,SUBSTATUS_ID,ASSIGNED_SUPPORT_COMPANY,ASSIGNED_SUPPORT_ORGANIZATION,ASSIGNED_SUPPORT_GROUP,REPORTED_DATE,IMPACT_ID,URGENCY_ID,PRIORITY_ID,OPERATING_COMPANY_NAME,OPERATING_LE,OPERATING_BU,CONTACT_COMPANY_NAME,CONTACT_LE,CONTACT_BU,SUMMARY,NOTES,END_USER_COUNTRY,END_USER_SITE,END_USER_ADDRESS,END_USER_CITY,RESOLUTION_TEXT,REQUIRED_RESOLUTION_DATE,ASSIGNED_AGENT,MASSIVE_FLAG,TICKET_FATHER_ID,RFS_DATE,PRODUCT_CATEGORIZATION_TIER_1,PRODUCT_CATEGORIZATION_TIER_2,PRODUCT_CATEGORIZATION_TIER_3,OPERATIONAL_CATEGORIZATION_TIER_1,OPERATIONAL_CATEGORIZATION_TIER_2,OPERATIONAL_CATEGORIZATION_TIER_3,CLOSURE_CATEGORIZATION_TIER_1,CLOSURE_CATEGORIZATION_TIER_2,CLOSURE_CATEGORIZATION_TIER_3,VENDOR_GROUP,BMC_TICKET_PENDING_DATE,INF2_HPD_OUTAGE_DURATION,REASON_OUTAGE,RFO_AVAILABLE,CI_NAME,CI_COUNTRY,CI_CITY,CI_ID_FAST,ADMIN_NUMBER,INSTANCEID
INC000000562210,2017-01-26 20:19:00,2017-01-27 20:15:00,2017-01-27 20:15:00,User Service Restoration,Direct Input,,,80244050,20190718190246,5,0,Telefonica,SMC LATAM,TGS SMC LATAM L1 Technical,20170126191742,1,1,0,Telefonica Multinational Solutions LATAM,SABMiller,SABMiller,,,,FLAP COLOMBIA * BARRANQUILLA BREWERY,"TELEFONICA GLOBAL SERVICE SUPPORT                         PHONE - +55 11 2942-6187                       xxxxxxxxxxxxxxxxxxxxxxxxxxxxxxxxxxxxxxxxxxxxxxxxxxxxxxxxxxxxxxxxxxxxxxxxxxxx* 1  Issue: FLAPPEO LINKS - COLOMBIALOGISTIC OPERATMALTERÍA TIBITOMAGANGUESINCELEJO AGENCARMENIAUNION BREWERYREGIONAL GBS CENTERMOVISTAR HANDHELDS LCALLE 127BARRANQUILLA BREWERYCALI SALES WAREHOUSETECHO BREWERYTOCANCIPA BREWERYDEL VALLE BREWERYREGIONAL GBS C* 2  Date/time (UTC):26/01/2017 16:59:34    * 3  Status of Incident: ( X ) Circuit UP   (  ) Circuit DOWN  (  ) LAN* 4  Local Contat: +55 11 2942-6187 CSA TELEFONICA* 5 Logs and diagnosis:tlf-t2-co-ac-wan-rt#sh ip routeCodes: L - local, C - connected, S - static, R - RIP, M - mobile, B - BGP       D - EIGRP, EX - EIGRP external, O - OSPF, IA - OSPF inter area        N1 - OSPF NSSA external type 1, N2 - OSPF NSSA external type 2       E1 - OSPF external type 1, E2 - OSPF external type 2       i - IS-IS, su - IS-IS summary, L1 - IS-IS level-1, L2 - IS-IS level-2       ia - IS-IS inter area, * - candidate default, U - per-user static route       o - ODR, P - periodic downloaded static route, H - NHRP, l - LISP       + - replicated route, % - next hop override          5.0.0.0/30 is subnetted, 2 subnetsB        5.53.6.4 [20/0] via 10.252.25.65, 1d10hB        5.53.6.132 [20/0] via 10.252.25.65, 03:45:38      10.0.0.0/8 is variably subnetted, 1439 subnets, 14 masksB        10.20.158.45/32 [20/0] via 10.252.25.65, 2d22hB        10.29.29.80/28 [20/0] via 10.252.25.65, 6w1dB        10.31.128.16/30 [20/0] via 10.252.25.65, 00:02:45B        10.40.105.0/24 [20/0] via 10.252.25.65, 7w0dB        10.81.25.208/32 [20/0] via 10.252.25.65, 7w0dB        10.81.49.101/32 [20/0] via 10.252.25.65, 2d22hB        10.83.254.36/32 [20/0] via 10.252.25.65, 2d22hB        10.83.254.37/32 [20/0] via 10.252.25.65, 2d22hB        10.104.2.36/32 [20/0] via 10.252.25.65, 2d22hB        10.104.2.65/32 [20/0] via 10.252.25.65, 2d22hB        10.111.132.216/30 [20/0] via 10.252.25.65, 7w0dB        10.111.132.220/30 [20/0] via 10.252.25.65, 7w0dB        10.111.133.108/30 [20/0] via 10.252.25.65, 7w0dB        10.111.134.124/30 [20/0] via 10.252.25.65, 7w0dB        10.111.134.128/30 [20/0] via 10.252.25.65, 7w0dB        10.111.134.144/30 [20/0] via 10.252.25.65, 7w0dB        10.111.134.148/30 [20/0] via 10.252.25.65, 7w0dB        10.111.142.244/30 [20/0] via 10.252.25.65, 7w0dB        10.111.142.248/30 [20/0] via 10.252.25.65, 7w0dB        10.111.152.200/30 [20/0] via 10.252.25.65, 7w0dB        10.112.118.132/30 [20/0] via 10.252.25.65, 7w0dB        10.112.118.136/30 [20/0] via 10.252.25.65, 7w0dB        10.112.121.68/30 [20/0] via 10.252.25.65, 7w0dB        10.116.51.145/32 [20/0] via 10.252.25.65, 7w0dB        10.116.202.0/24 [20/0] via 10.252.25.65, 7w0dB        10.160.0.0/19 [20/0] via 10.252.25.65, 7w0dB        10.160.32.0/23 [20/0] via 10.252.25.65, 7w0dB        10.160.34.0/23 [20/0] via 10.252.25.65, 7w0dB        10.160.36.0/23 [20/0] via 10.252.25.65, 7w0dB        10.160.38.0/23 [20/0] via 10.252.25.65, 2d07hB        10.160.40.0/24 [20/0] via 10.252.25.65, 7w0dB        10.160.41.0/25 [20/0] via 10.252.25.65, 2d07hB        10.160.41.128/25 [20/0] via 10.252.25.65, 2d07hB        10.160.42.0/23 [20/0] via 10.252.25.65, 7w0dB        10.160.44.0/23 [20/0] via 10.252.25.65, 2d07hB        10.160.46.0/23 [20/0] via 10.252.25.65, 2d06hB        10.160.48.0/23 [20/0] via 10.252.25.65, 5d05hB        10.160.52.0/23 [20/0] via 10.252.25.65, 7w0dB        10.160.54.0/27 [20/0] via 10.252.25.65, 7w0dB        10.160.54.128/26 [20/0] via 10.252.25.65, 2d07hB        10.160.55.0/24 [20/0] via 10.252.25.65, 2d07hB        10.160.56.0/23 [20/0] via 10.252.25.65, 00:06:14B        10.160.66.0/23 [20/0] via 10.252.25.65, 00:06:14B        10.160.68.0/23 [20/0] via 10.252.25.65, 00:06:14B        10.160.70.0/24 [20/0] via 10.252.25.65, 00:06:14B        10.160.71.0/24 [20/0] via 10.252.25.65, 3d02hB        10.160.98.0/23 [20/0] via 10.252.25.65, 00:06:14B        10.160.102.0/23 [20/0] via 10.252.25.65, 3d02hB        10.160.104.0/23 [20/0] via 10.252.25.65, 00:06:14B        10.160.126.0/24 [20/0] via 10.252.25.65, 00:06:14B        10.160.127.0/24 [20/0] via 10.252.25.65, 00:06:14B        10.160.128.0/24 [20/0] via 10.252.25.65, 7w0dB        10.160.129.0/26 [20/0] via 10.252.25.65, 7w0dB        10.160.129.64/26 [20/0] via 10.252.25.65, 7w0dB        10.160.129.128/28 [20/0] via 10.252.25.65, 2d07hB        10.160.129.144/28 [20/0] via 10.252.25.65, 00:06:14B        10.160.129.160/28 [20/0] via 10.252.25.65, 00:06:14B        10.160.129.176/28 [20/0] via 10.252.25.65, 00:06:14B        10.160.129.192/29 [20/0] via 10.252.25.65, 2d07hB        10.160.129.200/29 [20/0] via 10.252.25.65, 2d06hB        10.160.129.208/29 [20/0] via 10.252.25.65, 3d02hB        10.160.129.216/29 [20/0] via 10.252.25.65, 00:06:14B        10.160.129.224/29 [20/0] via 10.252.25.65, 00:06:14",Spain,No_Site,,Madrid,Cambio de tarjeta en POI de TIWS,20170127000000.0,VITOR MARINS BARBOSA,Y,,20170126191927.0,WAN connectivity,Managed national VPN,VPN-MPLS SITE,Wan Services,MWAN - Failure,Total Isolation,PROVIDER,OTHERS,OTHERS,Telefonica Colombia (Movistar Empresas),20170126194937.0,0,,N,20140416-SITEMPLS-0000386781,Colombia,Barranquilla,,20140416-SITEMPLS-0000386781,AGHAA5V0A57OPAOK49A9IQGQQWWWCC
INC000000564687,2017-02-02 17:07:00,2017-02-03 10:57:00,2017-02-02 20:44:00,User Service Restoration,Direct Input,,,80164415,20190718190246,5,0,Telefonica,SMC LATAM,TGS SMC LATAM L1 Technical,20170202160412,4,4,3,Telefonica Multinational Solutions LATAM,SABMiller,SABMiller,,,,BUSQUEDA DE RFO / SABMILLER BARRANQUILLA BREWERY / COLOMBIA,TELEFONICA GLOBAL SERVICE SUPPORT                         PHONE - +55 11 2942-6187                       xxxxxxxxxxxxxxxxxxxxxxxxxxxxxxxxxxxxxxxxxxxxxxxxxxxxxxxxxxxxxxxxxxxxxxxxxx* 1  Issue: BARRANQUILLA BREWERY BACKUPDOWN* 2  Date/time (UTC):  02/02/2017 12:29:28 GMT-2* 3  Status of Incident: ( ) Circuit UP   ( ) Circuit DOWN  ( X ) LAN* 4  Local Contat: * 5 Logs and diagnosis: RESTORED AT 02/02/2017 12:36:25	GMT-2xxxxxxxxxxxxxxxxxxxxxxxxxxxxxxxxxxxxxxxxxxxxxxxxxxxxxxxxxxxxxxxxxxxxxxxxxx,Spain,No_Site,,Madrid,REINICIO DE EQUIPO DE UK,20170203000000.0,ALLAN MAURO DOS SANTOS PEREIRA,N,,20170202160708.0,WAN connectivity,Managed national VPN,VPN-MPLS SITE,Wan Services,MWAN - Failure,Total Isolation,PROVIDER,LOCAL NNI,LNNI - OTHERS,Telefonica Colombia (Movistar Empresas),,0,REINICIO DE EQUIPO DE UK,N,20140416-SITEMPLS-0000386781,Colombia,Barranquilla,,20140416-SITEMPLS-0000386781,AGHAA5V0A57O9AOKRISH8M8MMTDEQM
INC000000588712,2017-03-28 18:36:00,2017-03-29 17:35:00,2017-03-29 06:18:00,User Service Restoration,Direct Input,,,80244050,20190718190246,5,0,Telefonica,SMC LATAM,TGS SMC LATAM L1 Technical,20170328163320,2,2,1,Telefonica Multinational Solutions LATAM,SABMiller,SABMiller,,,,MASSIVE COLOMBIA,"tlf-t2-co-bb-wan-rt01#sh ver * i uptime*System returnedtlf-t2-co-bb-wan-rt01 uptime is 10 weeks, 1 day, 19 hours, 40 minutesSystem returned to ROM by power-ontlf-t2-co-bb-wan-rt01#sh bgp summ * e BGP2481 network entries using 297720 bytes of memory2504 path entries using 130208 bytes of memoryNeighbor        V           AS MsgRcvd MsgSent   TblVer  InQ OutQ Up/Down  State/PfxRcd10.162.130.235  4        64784  605927  660301    73060    0    0 10w1d          2410.252.24.73    4         3816  219250  225535    73060    0    0 10w1d        2451192.168.1.2     4        64784  605866  660291    73060    0    0 10w1d          23tlf-t2-co-bb-wan-rt01#sh log * i DOWNtlf-t2-co-bb-wan-rt01#sh clock11:27:41.902 GMT Tue Mar 28 2017tlf-t2-co-bb-wan-rt01#sh ip int brInterface                  IP-Address      OK? Method Status                ProtocolGigabitEthernet0/0         unassigned      YES NVRAM  up                    up      GigabitEthernet0/0.1100    10.252.24.74    YES NVRAM  up                    up      GigabitEthernet0/1         unassigned      YES NVRAM  up                    up      GigabitEthernet0/1.6       10.162.130.233  YES NVRAM  up                    up      GigabitEthernet0/1.853     10.252.36.130   YES NVRAM  up                    up      GigabitEthernet0/1.899     10.163.254.25   YES NVRAM  up                    up      GigabitEthernet0/2         unassigned      YES NVRAM  up                    up      GigabitEthernet0/2.897     192.168.1.1     YES NVRAM  up                    up      GigabitEthernet0/2.899     unassigned      YES unset  administratively down down    Loopback0                  200.148.221.194 YES NVRAM  up                    up      Loopback1                  10.252.34.19    YES NVRAM  up                    up      NVI0                       10.252.24.74    YES unset  up                    up      tlf-t2-co-bb-wan-rt01#sh log * i Down * UpMar 16 08:36:59: %TRACKING-5-STATE: 1 ip sla 1 reachability Up->DownMar 16 15:16:01: %TRACKING-5-STATE: 1 ip sla 1 reachability Up->DownMar 17 09:20:02: %TRACKING-5-STATE: 1 ip sla 1 reachability Up->DownMar 17 09:39:58: %TRACKING-5-STATE: 1 ip sla 1 reachability Up->DownMar 17 13:18:03: %TRACKING-5-STATE: 1 ip sla 1 reachability Up->DownMar 21 08:19:05: %TRACKING-5-STATE: 1 ip sla 1 reachability Up->DownMar 22 10:14:03: %TRACKING-5-STATE: 1 ip sla 1 reachability Up->DownMar 22 13:02:04: %TRACKING-5-STATE: 1 ip sla 1 reachability Up->DownMar 22 15:23:04: %TRACKING-5-STATE: 1 ip sla 1 reachability Up->DownMar 23 08:49:01: %TRACKING-5-STATE: 1 ip sla 1 reachability Up->DownMar 23 13:16:04: %TRACKING-5-STATE: 1 ip sla 1 reachability Up->DownMar 24 09:28:03: %TRACKING-5-STATE: 1 ip sla 1 reachability Up->DownMar 24 14:46:05: %TRACKING-5-STATE: 1 ip sla 1 reachability Up->DownMar 24 16:29:02: %TRACKING-5-STATE: 1 ip sla 1 reachability Up->DownMar 26 02:08:07: %TRACKING-5-STATE: 1 ip sla 1 reachability Up->DownMar 27 09:52:07: %TRACKING-5-STATE: 1 ip sla 1 reachability Up->DownMar 27 20:16:04: %TRACKING-5-STATE: 1 ip sla 1 reachability Up->Downtlf-t2-co-bb-wan-rt01#sh log * i BGPtlf-t2-co-bb-wan-rt01#sh ip routeCodes: L - local, C - connected, S - static, R - RIP, M - mobile, B - BGP       D - EIGRP, EX - EIGRP external, O - OSPF, IA - OSPF inter area        N1 - OSPF NSSA external type 1, N2 - OSPF NSSA external type 2       E1 - OSPF external type 1, E2 - OSPF external type 2       i - IS-IS, su - IS-IS summary, L1 - IS-IS level-1, L2 - IS-IS level-2       ia - IS-IS inter area, * - candidate default, U - per-user static route       o - ODR, P - periodic downloaded static route, + - replicated routeGateway of last resort is 10.252.24.73 to network 0.0.0.0S*    0.0.0.0/0 [1/0] via 10.252.24.73      1.0.0.0/30 is subnetted, 1 subnetsB        1.2.3.8 [20/0] via 10.252.24.73, 00:01:48      5.0.0.0/30 is subnetted, 2 subnetsB        5.53.6.4 [20/0] via 10.252.24.73, 00:01:48B        5.53.6.132 [20/0] via 10.252.24.73, 00:01:47      10.0.0.0/8 is variably subnetted, 2155 subnets, 19 masksB        10.0.0.0/8 [20/0] via 10.252.24.73, 00:01:47B        10.8.28.136/30 [20/0] via 10.252.24.73, 00:01:47B        10.8.128.0/30 [20/0] via 10.252.24.73, 00:01:47B        10.8.221.1/32 [20/0] via 10.252.24.73, 00:01:47B        10.8.221.11/32 [20/0] via 10.252.24.73, 00:01:47B        10.20.158.45/32 [20/0] via 10.252.24.73, 00:01:48B        10.29.29.80/28 [20/0] via 10.252.24.73, 00:01:48B        10.31.128.16/30 [20/0] via 10.252.24.73, 00:01:48B        10.40.105.0/24 [20/0] via 10.252.24.73, 00:01:47B        10.81.25.208/32 [20/0] via 10.252.24.73, 00:01:48B        10.81.49.101/32 [20/0] via 10.252.24.73, 00:01:48B        10.83.254.36/32 [20/0] via 10.252.24.73, 00:01:48B        10.83.254.37/32 [20/0] via 10.252.24.73, 00:01:48B        10.104.2.36/32 [20/0] via 10.252.24.73, 00:01:48B        10.104.2.65/32 [20/0] via 10.252.24.73, 00:01:48B        10.107.10.128/28 [20/0] via 10.252.24.73, 00:01:47B        10.111.132.216/30 [20/0] via 10.252.24.73, 00:01:47B        10.111.132.220/30 [20/0] via 10.252.24.73, 00:01:47B        10.111.133.108/30 [20/0] via 10.252.24.73, 00:01:47B        10.111.134.124/30 [20/0] via 10.252.24.73, 00:01:47B        10.111.134.128/30 [20/0] via 10.252.24.73, 00:01:47B        10.111.134.144/30 [20/0] via 10.252.24.73, 00:01:47B        10.111.134.148/30 [20/0] via 10.252.24.73, 00:01:47B        10.111.142.244/30 [20/0] via 10.252.24.73, 00:01:47B        10.111.142.248/30 [20/0] via 10.252.24.73, 00:01:47B        10.111.152.200/30 [20/0] via 10.252.24.73, 00:01:47B        10.111.165.216/30 [20/0] via 10.252.24.73, 00:01:47B        10.112.118.132/30 [20/0] via 10.252.24.73, 00:01:47B        10.112.118.136/30 [20/0] via 10.252.24.73, 00:01:47B        10.112.121.68/30 [20/0] via 10.252.24.73, 00:01:47B        10.116.51.145/32 [20/0] via 10.252.24.73, 00:01:47B        10.116.202.0/24 [20/0] via 10.252.24.73, 00:01:47B        10.120.0.247/32 [20/0] via 10.252.24.73, 00:01:47B        10.123.155.139/32 [20/0] via 10.252.24.73, 00:01:48B        10.123.159.89/32 [20/0] via 10.252.24.73, 00:01:48B        10.125.27.4/30 [20/0] via 10.252.24.73, 00:01:47B        10.125.27.8/30 [20/0] via 10.252.24.73, 00:01:47",Spain,No_Site,,Madrid,Configuración de rutas,20170329000000.0,VITOR MARINS BARBOSA,Y,,20170328163536.0,WAN connectivity,Managed national VPN,VPN-MPLS SITE,Wan Services,MWAN - Failure,Total Isolation,PROVIDER,OTHER,OTHER,Telefonica Colombia (Movistar Empresas),20170328170103.0,0,Se presentó falla en equipo Core RN-BQA-DEL Juniper T4000. Falla Masiva 2174452,N,20140416-SITEMPLS-0000386781,Colombia,Barranquilla,,20140416-SITEMPLS-0000386781,AGHAA5V0A57OPAON90EKDRSQ7BTJRN
INC000000655192,2017-07-06 17:34:00,2017-07-06 21:26:00,2017-07-06 21:06:00,User Service Restoration,Direct Input,,,80244050,20190718190246,5,0,Telefonica,SMC LATAM,TGS SMC LATAM L1 Technical,20170706153350,3,3,2,Telefonica Multinational Solutions LATAM,SABMiller,SABMiller,,,,SABMILLER - BARRANQUILLA BREWERY - BACKUP DOWN,"TELEFONICA SMC LATAM SOPORTE                       TELEFONO: +55 11 2942-6187                       xxxxxxxxxxxxxxxxxxxxxxxxxxxxxxxxxxxxxxxxxxxxxxxxxxxxxxxxxxxxxxxxxxxxxxxxxx* 1  Cliente Afectado: SABMILLER* 2  Descripción del Incidente: BARRANQUILLA BREWERY - LAWAN22 - GOLD - BACKUP* 3  Ticket interno de SMC Latam: * 3  Identificativo del Circuito: * 4  Fecha de Afectación (GMT - 3): 06/07/2017 12:18:50 (GMT-3)* 5  Estado del Incidente: (  ) CIRCUITO OPERATIVO ( x ) CIRCUITO CAÍDO (  ) EQUIPOS DE LAN ( ) OTROS* 6  Contacto del Local: : * 7  Pruebas y diagnóstico: tlf-t2-co-bb-wan-rt02#sh ip bgp sumBGP router identifier 200.148.221.195, local AS number 64784BGP table version is 103075, main routing table version 10307530 network entries using 3600 bytes of memory53 path entries using 2756 bytes of memory4/3 BGP path/bestpath attribute entries using 496 bytes of memory0 BGP route-map cache entries using 0 bytes of memory0 BGP filter-list cache entries using 0 bytes of memoryBGP using 6852 total bytes of memoryBGP activity 39700/39670 prefixes, 47909/47856 paths, scan interval 60 secsNeighbor        V           AS MsgRcvd MsgSent   TblVer  InQ OutQ Up/Down  State/PfxRcd10.162.130.236  4        64784  768536  835002   103075    0    0 13w0d          2310.252.24.77    4         3816       0       0        1    0    0 00:15:16 Active192.168.1.6     4        64784 1146372 1247369   103075    0    0 19w2d          24xxxxxxxxxxxxxxxxxxxxxxxxxxxxxxxxxxxxxxxxxxxxxxxxxxxxxxxxxxxxxxxxxxxxxxxxxx",Spain,No_Site,,Madrid,Corte de Fibra OT 3526679.,20170706030000.0,Murilo Campos Teles,N,,20170706153456.0,WAN connectivity,Managed national VPN,VPN-MPLS SITE,Wan Services,MWAN - Failure,Damage in Backup Line,TELEFONICA,LOCAL LOOP,LL - FIBER CUT,Telefonica Colombia (Movistar Empresas),,180,Corte de Fibra OT 3526679.,N,20140416-SITEMPLS-0000386781,Colombia,Barranquilla,,20140416-SITEMPLS-0000386781,AGHAA5V0A57OPAOSO3YJCYBKQOTQG9
INC000000713348,2017-09-20 21:43:00,2017-09-20 21:56:00,2017-09-20 21:56:00,User Service Restoration,Direct Input,,,mncsd.cnavm02,20190311081341,5,0,Telefonica,SMC LATAM,TGS SMC LATAM L2 DAY AFTER - SR HCS,20170920194157,3,3,2,Telefonica,SMC LATAM,SMC LATAM,,,,PAUSAR ALARME GERENCIA *  BARRANQUILLA BREWERY - COLOMBIA,"Boa tarde,Vocês poderiam por gentileza pausar o alarme no solar por 1 ano ? BARRANQUILLA BREWERY - LAWAN22 - LAN - WS-C2960-24PC-L - TLFCOAT1SOF502 -http://monitoramentopjvivo.tdatabrasil.net.br/Orion/NetPerfMon/NodeDetails.aspx?netobject=N:127427&view=NodeDetailsBARRANQUILLA BREWERY - LAWAN22 - LAN - WS-C2960+24PC-S - TLFCOAT1SOF20401 http://monitoramentopjvivo.tdatabrasil.net.br/Orion/NetPerfMon/NodeDetails.aspx?netobject=N:127448&view=NodeDetailsBARRANQUILLA BREWERY - LAWAN22 - LAN - AP1242AG-A-K9 - COBQUIX04http://monitoramentopjvivo.tdatabrasil.net.br/Orion/NetPerfMon/NodeDetails.aspx?netobject=N:127449&view=NodeDetailsBARRANQUILLA BREWERY - LAWAN22 - LAN - AIR-AP1231G-A-K9 - COBQUIX03http://monitoramentopjvivo.tdatabrasil.net.br/Orion/NetPerfMon/NodeDetails.aspx?netobject=N:134337&view=NodeDetailsCordial Saludo,Vitor BarbosaSupport Analyst * Advanced Operation Support - SMC Latam R. Martiniano de Carvalho, 851, 18º AndarSão Paulo – SP - BrasilPhone Brazil 0800 5914051 * +55 11 3181-8575vitor.barbosa.ext@telefonica.com",Czech Republic,SMC Prague,,Prague > Praha,Colocado como não gerenciado por 1 ano,,RAFAEL FERREIRA DOS SANTOS,Y,,20170920194309.0,WAN connectivity,Managed national VPN,VPN-MPLS SITE,Wan Services,MWAN - Failure,Service Reports,,,,,,0,,N,20140416-SITEMPLS-0000386781,Colombia,Barranquilla,,20140416-SITEMPLS-0000386781,AGHAA5V0A57O9AOWL6DXAS8XV2V0KE
INC000001011914,2017-12-14 15:07:00,2017-12-15 02:52:00,2017-12-14 18:52:00,User Service Restoration,Direct Input,,,mncsd.cnafm03,20190718190246,5,0,Telefonica,SMC LATAM,TGS SMC LATAM L1 Technical,20171214140550,3,3,2,Telefonica Multinational Solutions LATAM,SABMiller,SABMiller,,,,SABMILLER * Barranquilla Brewery – Backup - GOLD - BACKUP * COLOMBIA,Cortes.,,No_Site,,,without intervention,20171214020000.0,FERNANDO MURCIA GOMES,N,,20171214140731.0,NETWORK SERVICES,MPLS VPN,MPLS VPN Site,Wan Services,Ethernet - Performance,Frequent Cuts and Interruptions,TELEFONICA,OTHERS,OTHERS,Telefonica Colombia (Movistar Empresas),20171214142356.0,16,without intervention,N,20140416-SITEMPLS-0000386781,Colombia,Barranquilla,,20140416-SITEMPLS-0000386781,IDHAA5V0A57OPAPAY5F0L8CGD2HI5F
INC000001028143,2018-01-02 21:42:00,2018-01-03 11:03:00,2018-01-03 04:27:00,User Service Restoration,Direct Input,,,mncsd.cnawv01,20190718190246,5,0,Telefonica,SMC LATAM,TGS SMC LATAM L1 Technical,20180102203916,3,3,2,Telefonica Multinational Solutions LATAM,SABMiller,SABMiller,,,,SABMILLER * BARRAQUILLA BREWERY * COLOMBIA * CIRCUITO BACKUP CAIDO,"TELEFONICA SMC LATAM SOPORTE                       TELEFONO: +55 11 2942-6187                       xxxxxxxxxxxxxxxxxxxxxxxxxxxxxxxxxxxxxxxxxxxxxxxxxxxxxxxxxxxxxxxxxxxxxxxxxx* 1  Cliente Afectado: SABMILLER - BARRANQUILLA BREWERY - GOLD* 2  Descripción del Incidente: CIRCUIT BACKUP DOWN* 3  Ticket interno : * 4  Identificativo del Circuito: * 5  Numero administrativo:* 6  Horario de atención (GMT): 02/12/2017 - 13:50 (GMT -2)* 7  Afectación  : () Incomunicación total (X) Incomunicación Parcial  (X) Corte y interrupciones frecuentes ( )() Otros.* 8  Contacto del Local: * 9  Pruebas y diagnóstico:tlf-t2-co-bb-wan-rt02#tlf-t2-co-bb-wan-rt02#sh ip bgp summBGP router identifier 200.148.221.195, local AS number 64784BGP table version is 77140, main routing table version 7714031 network entries using 4588 bytes of memory54 path entries using 3456 bytes of memory4/3 BGP path/bestpath attribute entries using 544 bytes of memory0 BGP route-map cache entries using 0 bytes of memory0 BGP filter-list cache entries using 0 bytes of memoryBGP using 8588 total bytes of memoryBGP activity 32097/32066 prefixes, 38602/38548 paths, scan interval 60 secsNeighbor        V           AS MsgRcvd MsgSent   TblVer  InQ OutQ Up/Down  State/PfxRcd10.162.130.236  4        64784  127242  146788    77140    0    0 2w1d           2310.252.24.77    4         3816       0       0        1    0    0 00:49:13 Idle192.168.1.6     4        64784  127177  146713    77140    0    0 2w1d           24tlf-t2-co-bb-wan-rt02#xxxxxxxxxxxxxxxxxxxxxxxxxxxxxxxxxxxxxxxxxxxxxxxxxxxxxxxxxxxxxxxxxxxxxxxxxx",,No_Site,,,Reset del equipo,20180103032600.0,FELIPE GALDINO VOTTA,N,,20180102204232.0,NETWORK SERVICES,MPLS VPN,MPLS VPN Site,Wan Services,MWAN - Failure,Damage in Backup Line,PROVIDER,LOCAL NNI,LNNI - DEVICE TURNED OFF,Telefonica Colombia (Movistar Empresas),20180102222309.0,100,equipo RIC bloqueado,N,20140416-SITEMPLS-0000386781,Colombia,Barranquilla,,20140416-SITEMPLS-0000386781,IDHAA5V0A57OPAPBYDTW3B1TST5C41
INC000001102796,2018-03-01 21:05:00,2018-03-01 10:47:00,2018-03-01 05:54:00,User Service Restoration,Direct Input,,,mncsd.cnads02,20190718190246,5,0,Telefonica,SMC LATAM,TGS SMC LATAM L1 Technical,20180301011402,3,3,2,Telefonica Multinational Solutions LATAM,SABMiller,SABMiller,,,,SABMILLER * BARRANQUILLA BREWERY * COLOMBIA,"TELEFONICA GLOBAL SERVICE SUPPORT                  PHONE - + 55 11 3181 8575 - Option * 2                       xxxxxxxxxxxxxxxxxxxxxxxxxxxxxxxxxxxxxxxxxxxxxxxxxxxxxxxxxxxxxxxxxxxxxxxxxxxx* 1  Issue: CIRCUITO BACKUP CAIDO * SABMILLER BARRANQUILLA BREWERY* 2  Date/time 28/02/2018 22:00:47 GMT-3* 3  Status of Incident: ( x ) Circuit UP   (  ) Circuit DOWN  (  ) LAN* 4  Local Contat:* 5 Logs and diagnosis:Circuit ID DSR-3606199smlllcoat1sof20001#ping 10.252.24.78Type escape sequence to abort.Sending 5, 100-byte ICMP Echos to 10.252.24.78, timeout is 2 seconds:.....Success rate is 0 percent (0/5)smlllcoat1sof20001#smlllcoat1sof20001#sh cdp neighbors Gig 7/6      d-------------------------Device ID: tlf-t2-co-bb-wan-rt02.csa.comEntry address(es):   IP address: 10.252.24.78Platform: Cisco CISCO2911/K9,  Capabilities: Router Switch IGMP Interface: GigabitEthernet7/6,  Port ID (outgoing port): GigabitEthernet0/1Holdtime : 136 secVersion :Cisco IOS Software, C2900 Software (C2900-UNIVERSALK9-M), Version 15.2(4)M6, RELEASE SOFTWARE (fc2)Technical Support: http://www.cisco.com/techsupportCopyright (c) 1986-2014 by Cisco Systems, Inc.Compiled Wed 19-Mar-14 19:23 by prod_rel_teamadvertisement version: 2VTP Management Domain: ''Duplex: fullManagement address(es): smlllcoat1sof20001#ssh  10.252.24.78Destination unreachable; gateway or host downsmlllcoat1sof20001#xxxxxxxxxxxxxxxxxxxxxxxxxxxxxxxxxxxxxxxxxxxxxxxxxxxxxxxxxxxxxxxxxxxxxxxxxxx",Spain,No_Site,,Madrid,CORTE DE FIBRA RESTAURADO,20180301045400.0,DIEGO SAAB NASCIMENTO,N,,20180301011531.0,NETWORK SERVICES,MPLS VPN,MPLS VPN Site,Wan Services,MWAN - Failure,Damage in Main Line Working with Backup,PROVIDER,LOCAL LOOP,LL - FIBER CUT,Telefonica Colombia (Movistar Empresas),,218,CORTE DE FIBRA,N,20140416-SITEMPLS-0000386781,Colombia,Barranquilla,,20140416-SITEMPLS-0000386781,AGGAA5V0F6IPYAPEWATXPDZ6EKPULM
INC000001179956,2018-04-26 13:03:00,2018-04-26 15:39:00,2018-04-26 06:33:00,User Service Restoration,Direct Input,,,mncsd.cnads02,20190718190246,5,0,Telefonica,SMC LATAM,TGS SMC LATAM L1 Technical,20180425233052,3,3,2,Telefonica Multinational Solutions LATAM,SABMiller,SABMiller,,,,SABMILLER * BARRANQUILLA BREWERY * COLOMBIA,"CIRCUITO BACKUP CAIDO * BARRANQUILLA BREWERYCIRCUIT ID DSR-3606199tlf-t2-co-bb-wan-rt02#sh bgp summaBGP router identifier 200.148.221.195, local AS number 64784BGP table version is 109482, main routing table version 10948233 network entries using 4884 bytes of memory56 path entries using 3584 bytes of memory6/3 BGP path/bestpath attribute entries using 816 bytes of memory1 BGP AS-PATH entries using 40 bytes of memory1 BGP community entries using 24 bytes of memory1 BGP extended community entries using 24 bytes of memory0 BGP route-map cache entries using 0 bytes of memory0 BGP filter-list cache entries using 0 bytes of memoryBGP using 9372 total bytes of memoryBGP activity 45055/45020 prefixes, 54047/53990 paths, scan interval 60 secsNeighbor        V           AS MsgRcvd MsgSent   TblVer  InQ OutQ Up/Down  State/PfxRcd10.162.130.236  4        64784   54843   60383   109482    0    0 6d12h          2310.252.24.77    4         3816       0       0        1    0    0 01:56:23 Active192.168.1.6     4        64784  576581  637191   109482    0    0 9w5d           24tlf-t2-co-bb-wan-rt02#ping 10.252.24.77Type escape sequence to abort.Sending 5, 100-byte ICMP Echos to 10.252.24.77, timeout is 2 seconds:.....Success rate is 0 percent (0/5)tlf-t2-co-bb-wan-rt02#tlf-t2-co-bb-wan-rt02#",Spain,No_Site,,Madrid,fiber cut,20180426043210.0,DIEGO SAAB NASCIMENTO,N,,20180425233355.0,NETWORK SERVICES,MPLS VPN,MPLS VPN Site,Wan Services,MWAN - Failure,Damage in Backup Line,WAN - PROVIDER,LOCAL LOOP,LL - FIBER CUT,Telefonica Colombia (Movistar Empresas),,195,fiber cut,N,20140416-SITEMPLS-0000386781,Colombia,Barranquilla,,20140416-SITEMPLS-0000386781,AGGAA5V0F5WOOAPHRL69PGUX9SEAPK
INC000001203267,2018-05-13 11:59:00,2018-05-13 20:03:00,2018-05-13 14:10:00,User Service Restoration,Direct Input,,,mncsd.cnads02,20190718190246,5,0,Telefonica,SMC LATAM,TGS SMC LATAM L1 Technical,20180513095555,3,3,2,Telefonica Multinational Solutions LATAM,SABMiller,SABMiller,,,,SABMILLER * BARRANQUILLA BREWERY * COLOMBIA,"xxxxxxxxxxxxxxxxxxxxxxxxxxxxxxxxxxxxxxxxxxxxxxxxxxxxxxxxxxxxxxxxxxxxxxxxxx * 1  Cliente Afectado: 	SABMILLER  * BARRANQUILLA BREWERY BACKUP * 2  Descripción del Incidente: CIRCUITO BACKUP CAIDO * 3  Tipologia del Incidente  : () Incomunicación total ( X ) Avería en la línea de respaldo trabajando por canal principal ( ) Cortes y interrupciones frecuentes ( ) Lentitud ( ) Perdida de Paquetes ( ) Incremento de errores (x) Otros * 4  Ticket interno: INC000001203243 * 5  Identificativo del Circuito: DSR-3606199 * 6  Numero administrativo: 20140429-SITEMPLS-0000387051 * 7  Horario de atención (GMT): 13/05/18 06:53 * 8  Contacto del Local: +55 11 31818575/08005914051 (* sin PIN) - Op2 * 9  Pruebas y diagnóstico: tlf-t2-co-bb-wan-rt02#sh bgp summaBGP router identifier 200.148.221.195, local AS number 64784BGP table version is 125914, main routing table version 12591433 network entries using 4884 bytes of memory56 path entries using 3584 bytes of memory6/3 BGP path/bestpath attribute entries using 816 bytes of memory1 BGP AS-PATH entries using 40 bytes of memory1 BGP community entries using 24 bytes of memory1 BGP extended community entries using 24 bytes of memory0 BGP route-map cache entries using 0 bytes of memory0 BGP filter-list cache entries using 0 bytes of memoryBGP using 9372 total bytes of memoryBGP activity 51971/51936 prefixes, 62148/62091 paths, scan interval 60 secsNeighbor        V           AS MsgRcvd MsgSent   TblVer  InQ OutQ Up/Down  State/PfxRcd10.162.130.236  4        64784   46719   51117   125914    0    0 5d12h          2310.252.24.77    4         3816       0       0        1    0    0 02:08:51 Idle192.168.1.6     4        64784  723685  797490   125914    0    0 12w1d          24tlf-t2-co-bb-wan-rt02#ping 10.252.24.77 Type escape sequence to abort.Sending 5, 100-byte ICMP Echos to 10.252.24.77, timeout is 2 seconds:.....Success rate is 0 percent (0/5)tlf-t2-co-bb-wan-rt02#xxxxxxxxxxxxxxxxxxxxxxxxxxxxxxxxxxxxxxxxxxxxxxxxxxxxxxxxxxxxxxxxxxxxxxxxxx",Spain,No_Site,,Madrid,FIBRA RESTAURADA,20180513030000.0,DIEGO SAAB NASCIMENTO,N,,20180513095915.0,Network Services,MPLS VPN,MPLS VPN Site,Wan Services,MWAN - Failure,Damage in Backup Line,PROVIDER,LOCAL LOOP,LL - FIBER CUT,Telefonica Colombia (Movistar Empresas),,105,CORTE DE FIBRA OPTICA.,N,20140416-SITEMPLS-0000386781,Colombia,,,20140416-SITEMPLS-0000386781,AGGAA5V0F6IPYAPINVROPHRHAG143T
INC000001210113,2018-05-17 23:44:00,2018-05-19 03:06:00,2018-05-19 02:58:00,User Service Restoration,Proactive,,,Int_SigmaWH,20190718190246,5,0,Telefonica,SMC LATAM,TGS SMC LATAM L1 Technical,20180517214359,3,3,2,Telefonica Multinational Solutions LATAM,SABMiller,SABMiller,,,,SABMILLER * BARRANQUILLA BREWERY - MAIN * COLOMBIA,Service NOW: INC0635578,,No_Site,,,LNNI - FIBER CUT,20180519005841.0,LEANDRO NASCIMENTO,N,,20180517214359.0,NETWORK SERVICES,MPLS VPN,MPLS VPN Site,Wan Services,MWAN - Failure,Damage in Main Line Working with Backup,WAN - PROVIDER,LOCAL NNI,LNNI - FIBER CUT,Telefonica Colombia (Movistar Empresas),20180518223932.0,1192,LNNI - FIBER CUT,N,20140416-SITEMPLS-0000386781,Colombia,,,20140416-SITEMPLS-0000386781,AGGAA5V0F5V26APIWHB5PHZ72NRIHG
INC000001251694,2018-06-15 07:39:00,2018-06-15 07:59:00,2018-06-15 07:58:00,User Service Restoration,Proactive,,,Int_SigmaWH,20190718190246,5,0,Telefonica,SMC LATAM,TGS SMC LATAM L1 Technical,20180615053914,3,2,1,Telefonica Multinational Solutions LATAM,SABMiller,SABMiller,,,,SABMILLER * BARRANQUILLA BREWERY - LAWAN22 - GOLD - BACKUP * PERU,Circuito caído.,,No_Site,,,Fallo eléctrico,20180615055717.0,ALEX DE ALMEIDA,N,,20180615053914.0,NETWORK SERVICES,MPLS VPN,MPLS VPN Site,Wan Services,MWAN - Failure,Damage in Backup Line,CUSTOMER,CUSTOMER PREMISE EQUIPMENT,CPE - POWER SUPPLY FAILURE,Telefonica Colombia (Movistar Empresas),20180615054037.0,15,Fallo eléctrico,N,20140416-SITEMPLS-0000386781,Colombia,,,20140416-SITEMPLS-0000386781,AGGAA5V0F6F35AP02NP8PJ5WHLMPW6
INC000001273749,2018-07-02 13:06:00,2018-07-04 03:13:00,2018-07-04 03:12:00,User Service Restoration,Proactive,,,Int_SigmaWH,20190718190246,5,0,Telefonica,SMC LATAM,TGS SMC LATAM L1 Technical,20180701233607,2,2,1,Telefonica Multinational Solutions LATAM,SABMiller,SABMiller,,,,SABMILLER * BARRANQUILLA BREWERY * COLOMBIA * MAIN DOWN,INC0660750,,No_Site,,,Reparo de fibra.,20180704010837.0,ALLAN MAURO DOS SANTOS PEREIRA,N,,20180701233607.0,NETWORK SERVICES,MPLS VPN,MPLS VPN Site,Wan Services,MWAN - Failure,Damage in Main Line Working with Backup,WAN - PROVIDER,LOCAL NNI,LNNI - FIBER CUT,Telefonica Colombia (Movistar Empresas),20180703231611.0,766,,N,20140416-SITEMPLS-0000386781,Colombia,,,20140416-SITEMPLS-0000386781,AGGAA5V0F5V26AP1HOI2P00V7O3UD3
INC000001294914,2018-07-17 15:30:00,2018-07-18 23:07:00,2018-07-17 21:43:00,User Service Restoration,Direct Input,,,mncsd.cnaps01,20190718190246,5,0,Telefonica,SMC LATAM,TGS SMC LATAM L1 Technical,20180717132635,3,3,2,Telefonica Multinational Solutions LATAM,SABMiller,SABMiller,,,,SABMILLER * BARRANQUILLA BREWERY * COLOMBIA * BACKUP DOW,BACKUP DOWNSN INC0669764,Spain,No_Site,,Madrid,Corte de Fibra,20180717175953.0,PAULO HENRIQUE SILVA,N,,20180717132744.0,Network Services,MPLS VPN,MPLS VPN Site,Wan Services,MWAN - Failure,Damage in Backup Line,WAN - PROVIDER,LOCAL LOOP,LL - FIBER CUT,Telefonica Colombia (Movistar Empresas),20180717133016.0,226,Corte de Fibra,N,20140416-SITEMPLS-0000386781,Colombia,Barranquilla,,20140416-SITEMPLS-0000386781,AGGAA5V0F5WOOAP2A8U5P1DPD4SKJ5
INC000001332923,2018-08-15 19:51:00,2018-08-16 02:58:00,2018-08-16 02:57:00,User Service Restoration,Direct Input,,,mncsd.cnaap04,20190718190246,5,0,Telefonica,SMC LATAM,TGS SMC LATAM L1 Technical,20180815175025,1,1,0,Telefonica Multinational Solutions LATAM,SABMiller,SABMiller,,,,SABMILLER * BARRANQUILLA BREWERY * COLOMBIA * TOTAL ISOLATION,INC0686387,Spain,No_Site,,Madrid,RESTORED BY POWER,20180816005600.0,ANTONIO PEREIRA BATISTA JUNIOR,N,,20180815175132.0,Network Services,MPLS VPN,MPLS VPN Site,Wan Services,MWAN - Failure,Total Isolation,WAN - CUSTOMER,CUSTOMER PREMISE EQUIPMENT,CPE - SITE WITHOUT POWER SUPPLY,Telefonica Colombia (Movistar Empresas),20180815191827.0,86,,N,20140416-SITEMPLS-0000386781,Colombia,Barranquilla,,20140416-SITEMPLS-0000386781,AGGAA5V0F6IPYAP38KJWP2LOU01QM7
INC000001355082,2018-09-02 19:16:00,2018-09-02 21:44:00,2018-09-02 21:44:00,User Service Restoration,Direct Input,,,mncsd.cnads02,20190718190246,5,0,Telefonica,SMC LATAM,TGS SMC LATAM L1 Technical,20180902171449,1,1,0,Telefonica Multinational Solutions LATAM,SABMiller,SABMiller,,,,SABMILLER * BARRANQUILLA BREWERY * COLOMBIA,"CIRCUITO HARD DOWN20140416-SITEMPLS-0000386781DSR-3606198	DSR-3606199tlf-t2-co-ha-wan-rt01#ping 200.148.221.194Type escape sequence to abort.Sending 5, 100-byte ICMP Echos to 200.148.221.194, timeout is 2 seconds:.....Success rate is 0 percent (0/5)tlf-t2-co-ha-wan-rt01#ping 200.148.221.195Type escape sequence to abort.Sending 5, 100-byte ICMP Echos to 200.148.221.195, timeout is 2 seconds:.....Success rate is 0 percent (0/5)tlf-t2-co-ha-wan-rt01#",Spain,No_Site,,Madrid,POWER OUTAGE,20180902194238.0,DIEGO SAAB NASCIMENTO,N,,20180902171551.0,Network Services,MPLS VPN,MPLS VPN Site,Wan Services,MWAN - Failure,Total Isolation,WAN - CUSTOMER,CUSTOMER PREMISE EQUIPMENT,CPE - POWER SUPPLY FAILURE,Telefonica Colombia (Movistar Empresas),20180902171854.0,2,,N,20140416-SITEMPLS-0000386781,Colombia,Barranquilla,,20140416-SITEMPLS-0000386781,AGGAA5V0F5WOOAP45UN7P38ZHVRPO4
INC000001474144,2018-11-23 04:56:00,2018-11-23 07:31:00,2018-11-23 07:31:00,User Service Restoration,Proactive,,,Int_SigmaWH,20190718190246,5,0,Telefonica,SMC LATAM,TGS SMC LATAM L1 Technical,20181123035552,3,3,2,Telefonica Multinational Solutions LATAM,SABMiller,SABMiller,,,,SABMMILLER * BARRANQUILLA BREWERY * COLOMBIA * BACKUP * GOLD,"ID Service: DSR-3606199LinkCode: sabm-col-baq-mw-b-386781IP Loopback: 200.148.221.195IP Wan: 10.252.24.78Address: Cra 10 # 38-280, Barranquilla, ColombiaHorario de la caída: 23/11/2018 01:56 (GMT-2)",,No_Site,,,DOWN MENO 10 MINUTOS,20181123063127.0,RAFAEL VERRI SILVA,N,,20181123035627.0,NETWORK SERVICES,MPLS VPN,MPLS VPN Site,Wan Services,MWAN - Failure,Damage in Backup Line,WAN - PROVIDER,LOCAL LOOP,LL - OTHERS,Telefonica Colombia (Movistar Empresas),20181123040938.0,9,,N,20140416-SITEMPLS-0000386781,Colombia,Barranquilla,,20140416-SITEMPLS-0000386781,IDGAA5V0F5V26AP8MO0DP7PMJQU9EX
INC000001486148,2018-12-01 08:17:00,2018-12-01 09:53:00,2018-12-01 09:53:00,User Service Restoration,Proactive,,,Int_SigmaWH,20190718190246,5,0,Telefonica,SMC LATAM,TGS SMC LATAM L1 Technical,20181201071651,2,2,1,Telefonica Multinational Solutions LATAM,SABMiller,SABMiller,,,,SABMILLER * BARRANQUILLA BREWERY * COLOMBIA * MAIN,ID Service: DSR-3606198LinkCode: sabm-col-baq-mw-m-386781IP Loopback: 200.148.221.194IP Wan: 10.252.24.74Address: Cra 10 # 38-280Horario de la caída: 01/12/2018 05:17 (GMT-2),,No_Site,,,SIN INTERVENCION,20181201085255.0,RAFAEL VERRI SILVA,N,,20181201071727.0,NETWORK SERVICES,MPLS VPN,MPLS VPN Site,Wan Services,MWAN - Failure,Damage in Main Line Working with Backup,WAN - PROVIDER,LOCAL LOOP,LL - RESTORED AUTOMATICALLY WITHOUT INTERVENTION,Telefonica Colombia (Movistar Empresas),20181201080527.0,9,,N,20140416-SITEMPLS-0000386781,Colombia,Barranquilla,,20140416-SITEMPLS-0000386781,IDGAA5V0F6F35AP9BQXDP8ENU1F2ML
INC000001527102,2019-01-07 04:01:00,2019-01-07 06:50:00,2019-01-07 06:49:00,User Service Restoration,Proactive,,,Int_SigmaWH,20190718190246,5,0,Telefonica,SMC LATAM,TGS SMC LATAM L1 Technical,20190107030056,1,1,0,Telefonica Multinational Solutions LATAM,SABMiller,SABMiller,,,,WAN SABMILLER * BARRANQUILLA BREWERY * COLOMBIA * MAIN * HARD DOWN,Circuito caído.NOW - INC07689271. Node Down sabm-col-baq-mw-m-386781,,No_Site,,,Incident has been resolved by alarm,20190107054417.0,ALEX DE ALMEIDA,N,,20190107030130.0,NETWORK SERVICES,MPLS VPN,MPLS VPN Site,Failure,Damage in Main Line Working with Backup,Damage in Main Line Working with Backup,CUSTOMER,CUSTOMER PREMISE EQUIPMENT,Power supply failure,Telefonica Colombia (Movistar Empresas),20190107030332.0,13,YES,N,20140416-SITEMPLS-0000386781,Colombia,Barranquilla,,20140416-SITEMPLS-0000386781,IDGAA5V0F5V26APKXXQ8PKATEVM6NU
INC000001527103,2019-01-07 04:03:00,2019-01-07 06:44:00,2019-01-07 06:44:00,User Service Restoration,Proactive,,,Int_SigmaWH,20190718190246,5,0,Telefonica,SMC LATAM,TGS SMC LATAM L1 Technical,20190107030256,1,1,0,Telefonica Multinational Solutions LATAM,SABMiller,SABMiller,,,,WAN SABMILLER * BARRANQUILLA BREWERY * COLOMBIA * BACKUP * HARD DOWN,Ciruito caídoNOW - INC07689271. Node Down sabm-col-baq-mw-b-386781,,No_Site,,,Incident has been resolved by alarm,20190107054417.0,ALEX DE ALMEIDA,N,,20190107030333.0,NETWORK SERVICES,MPLS VPN,MPLS VPN Site,Failure,Total Isolation,Total Isolation,Customer,Customer Premise Equipment,Power supply failure,Telefonica Colombia (Movistar Empresas),20190107031708.0,13,YES,N,20140416-SITEMPLS-0000386781,Colombia,Barranquilla,,20140416-SITEMPLS-0000386781,IDGAA5V0F5V26APKXXTXPKATI0M6PE
INC000001527163,2019-01-06 13:28:00,2019-01-06 13:39:00,2019-01-06 13:39:00,User Service Restoration,Proactive,,,Int_SigmaWH,20190106123909,5,0,Telefonica,SMC LATAM,TGS SMC LATAM L1 Technical,20190106122746,3,2,1,Telefonica Multinational Solutions LATAM,SABMiller,SABMiller,,,,1. Node Down sabm-col-baq-mw-b-386781,1. Node Down sabm-col-baq-mw-b-386781,,No_Site,,,Incident has been resolved by alarm,20190106123908.0,,N,,20190106122823.0,NETWORK SERVICES,MPLS VPN,MPLS VPN Site,Failure,Total Isolation,Total Isolation,Customer,Customer Premise Equipment,Power supply failure,,,10,YES,N,20140416-SITEMPLS-0000386781,Colombia,Barranquilla,,20140416-SITEMPLS-0000386781,IDGAA5V0F6F35APKWT11P9ZNUFV3Z4
INC000001527165,2019-01-06 13:39:00,2019-01-06 13:53:00,2019-01-06 13:41:00,User Service Restoration,Proactive,,,Int_SigmaWH,20190106125319,6,26001,Telefonica,SMC LATAM,TGS SMC LATAM L1 Technical,20190106123832,3,2,1,Telefonica Multinational Solutions LATAM,SABMiller,SABMiller,,,,1. Node Down backup,1. Node Down backup,,No_Site,,,Incident has been resolved by alarm,20190106124108.0,,N,,20190106123910.0,NETWORK SERVICES,MPLS VPN,MPLS VPN Site,Failure,Damage in Backup Line,Damage in Backup Line,Customer,Customer Premise Equipment,Power supply failure,,,1,,N,20140416-SITEMPLS-0000386781,Colombia,Barranquilla,,20140416-SITEMPLS-0000386781,IDGAA5V0F6F35APKWTT0P9ZO2EW5H7
INC000001527536,2019-01-07 06:44:00,2019-01-07 08:05:00,2019-01-07 06:46:00,User Service Restoration,Proactive,,,Int_SigmaWH,20190107070543,5,0,Telefonica,SMC LATAM,TGS SMC LATAM L1 Technical,20190107054341,3,2,1,Telefonica Multinational Solutions LATAM,SABMiller,SABMiller,,,,1. Node Down backup,1. Node Down backup,,No_Site,,,Incident has been resolved by alarm,20190107054618.0,,N,,20190107054419.0,NETWORK SERVICES,MPLS VPN,MPLS VPN Site,Failure,Damage in Backup Line,Damage in Backup Line,Customer,Customer Premise Equipment,Power supply failure,,,1,,N,20140416-SITEMPLS-0000386781,Colombia,Barranquilla,,20140416-SITEMPLS-0000386781,IDGAA5V0F6F35APKYFJVPKAZQJSZ9X
INC000001573487,2019-02-07 08:41:00,2019-02-07 08:57:00,2019-02-07 08:57:00,User Service Restoration,Direct Input,,,mncsd.cnaap04,20190207075758,5,0,Telefonica,SMC LATAM,TGS SMC LATAM L1 Technical,20190207073955,3,3,2,Telefonica Multinational Solutions LATAM,SABMiller,SABMiller,,,,LAN SABMILLER * BARRANQUILLA BREWERY * COLOMBIA,INC0787402,Spain,No_Site,,Madrid,SATURACIÓN,20190207075800.0,ANTONIO PEREIRA BATISTA JUNIOR,N,,20190207074138.0,NETWORK SERVICES,MPLS VPN,MPLS VPN Site,Performance,Slowness and/or Delays,Slowness and/or Delays,CUSTOMER,CUSTOMER PREMISE EQUIPMENT,CPE - OTHERS,,,2,,N,20140416-SITEMPLS-0000386781,Colombia,Barranquilla,,20140416-SITEMPLS-0000386781,AGGAA5V0F6IPYAPM9P34PLMMHAORYM
INC000001582205,2019-02-13 10:26:00,2019-02-13 13:05:00,2019-02-13 13:05:00,User Service Restoration,Proactive,,,Int_SigmaWH,20190718190246,5,0,Telefonica,SMC LATAM,TGS SMC LATAM L1 Technical,20190213092620,1,1,0,Telefonica Multinational Solutions LATAM,SABMiller,SABMiller,,,,SABMILLER * BARRANQUILLA BREWERY * COLOMBIA * LAWAN22 * MAIN AND BACKUP DOWN,"Service Now: INC0791498.200.148.221.194	BARRANQUILLA BREWERY - LAWAN22 - GOLD - MAINDSR-3606198 20140416-SITEMPLS-0000386781200.148.221.195	BARRANQUILLA BREWERY - LAWAN22 - GOLD - BACKUPDSR-3606199 Cra 10 # 38-280tlf-t2-el-pc-wan-rt01#ping 200.148.221.194               Type escape sequence to abort.Sending 5, 100-byte ICMP Echos to 200.148.221.194, timeout is 2 seconds:.....Success rate is 0 percent (0/5)tlf-t2-el-pc-wan-rt01#ping 200.148.221.194 tos 184Type escape sequence to abort.Sending 5, 100-byte ICMP Echos to 200.148.221.194, timeout is 2 seconds:.....Success rate is 0 percent (0/5)tlf-t2-el-pc-wan-rt01#ping 200.148.221.195Type escape sequence to abort.Sending 5, 100-byte ICMP Echos to 200.148.221.195, timeout is 2 seconds:.....Success rate is 0 percent (0/5)tlf-t2-el-pc-wan-rt01#ping 200.148.221.195 tos 184Type escape sequence to abort.Sending 5, 100-byte ICMP Echos to 200.148.221.195, timeout is 2 seconds:.....Success rate is 0 percent (0/5)tlf-t2-el-pc-wan-rt01#sh clock03:38:52.970 GMT Wed Feb 13 2019",,No_Site,,,Fallo eléctrico.,20190213120442.0,FERNANDO MURCIA GOMES,N,,20190213092654.0,NETWORK SERVICES,MPLS VPN,MPLS VPN Site,Failure,Total Isolation,Total Isolation,CUSTOMER,Customer Premise Equipment,Power supply failure,Telefonica Colombia (Movistar Empresas),20190213092957.0,3,Fallo eléctrico.,N,20140416-SITEMPLS-0000386781,Colombia,Barranquilla,,20140416-SITEMPLS-0000386781,IDGAA5V0F5V26APMUYIUPLXSDXEJXD
INC000001582372,2019-02-13 10:29:00,2019-02-13 10:37:00,2019-02-13 10:37:00,User Service Restoration,Proactive,,,Int_SigmaWH,20190500000000,6,26001,Telefonica,SMC LATAM,TGS SMC LATAM L1 Technical,20190200000000,3,2,1,Telefonica Multinational Solutions LATAM,SABMiller,SABMiller,,,,1. Node Down sabm-col-baq-mw-m-386781,1. Node Down sabm-col-baq-mw-m-386781,,No_Site,,,,,,N,,20190200000000.0,NETWORK SERVICES,MPLS VPN,MPLS VPN Site,Failure,Total Isolation,Total Isolation,NO DATA,NO DATA,NO DATA,,,0,,N,20140416-SITEMPLS-0000386781,Colombia,Barranquilla,,20140416-SITEMPLS-0000386781,IDGAA5V0F6F35APMUY3YPLXQ3LRVM1
INC000001657863,2019-04-03 16:23:00,2019-04-03 17:02:00,2019-04-03 17:02:00,User Service Restoration,Proactive,,,Int_SigmaWH,20190500000000,6,26001,Telefonica,SMC LATAM,TGS SMC LATAM L1 Technical,20190400000000,3,2,1,Telefonica Multinational Solutions LATAM,SABMiller,SABMiller,,,,1. Node Down sabm-col-baq-mw-m-386781,1. Node Down sabm-col-baq-mw-m-386781,,No_Site,,,,,,N,,20190400000000.0,NETWORK SERVICES,MPLS VPN,MPLS VPN Site,Failure,Damage in Main Line Working with Backup,Damage in Main Line Working with Backup,NO DATA,NO DATA,NO DATA,,20190400000000.0,0,,Y,20140416-SITEMPLS-0000386781,Colombia,Barranquilla,,20140416-SITEMPLS-0000386781,IDGAA5V0F5V26APP4CNQPO6RO02X14
INC000001664423,2019-04-08 15:41:00,2019-04-09 23:03:00,2019-04-09 23:02:00,User Service Restoration,Proactive,,,Int_SigmaWH,20190718190246,5,0,Telefonica,SMC LATAM,TGS SMC LATAM L1 Technical,20190408134045,3,2,1,Telefonica Multinational Solutions LATAM,SABMiller,SABMiller,,,,SABMILLER * BARRANQUILLA * COLOMBIA * FALLA EN PRINCIPAL,Service Now: INC0827279.,,No_Site,,,MODEM CTC en el nodo se encontraba bloqueado realiza el desbloqueo y se observa operativo,20190409003141.0,PAULO HENRIQUE SILVA,N,,20190408134126.0,NETWORK SERVICES,MPLS VPN,MPLS VPN Site,Failure,Damage in Main Line Working with Backup,Damage in Main Line Working with Backup,Provider,Local Backbone Network,Blocked device in node,Telefonica Colombia (Movistar Empresas),20190408205421.0,326,,Y,20140416-SITEMPLS-0000386781,Colombia,Barranquilla,,20140416-SITEMPLS-0000386781,IDGAA5V0F5V26APPN0BCPOPZBN8KK2
INC000001679436,2019-04-17 15:52:00,2019-04-18 10:52:00,2019-04-18 10:52:00,User Service Restoration,Proactive,,,Int_SigmaWH,20191204173940,5,0,Telefonica,SMC LATAM,TGS SMC LATAM L1 Technical,20190417135133,2,2,1,Telefonica Multinational Solutions LATAM,SABMiller,SABMiller,,,,SABMILLER * BARRANQUILLA BREWERY * COLOMBIA * LAWAN22 - GOLD - MAIN,"Service Now: INC0835445.200.148.221.194	BARRANQUILLA BREWERY - LAWAN22 - GOLD - MAINDSR-3606198 20140416-SITEMPLS-0000386781Cra 10 # 38-280tlf-t2-co-bb-wan-rt01#sh ip int briInterface                  IP-Address      OK? Method Status                ProtocolEmbedded-Service-Engine0/0 unassigned      YES NVRAM  administratively down down    GigabitEthernet0/0         unassigned      YES NVRAM  up                    up      GigabitEthernet0/0.1100    10.252.24.74    YES NVRAM  up                    up      GigabitEthernet0/1         unassigned      YES NVRAM  up                    up      GigabitEthernet0/1.6       10.162.130.233  YES NVRAM  up                    up      GigabitEthernet0/1.853     10.252.36.130   YES NVRAM  up                    up      GigabitEthernet0/1.899     10.163.254.25   YES NVRAM  up                    up      GigabitEthernet0/2         unassigned      YES NVRAM  up                    up      GigabitEthernet0/2.897     192.168.1.1     YES NVRAM  up                    up      GigabitEthernet0/2.899     unassigned      YES unset  administratively down down    GigabitEthernet0/0/0       unassigned      YES unset  up                    up      GigabitEthernet0/0/1       unassigned      YES unset  up                    up      GigabitEthernet0/0/2       unassigned      YES unset  down                  down    GigabitEthernet0/0/3       unassigned      YES unset  down                  down    Loopback0                  200.148.221.194 YES NVRAM  up                    up      Loopback1                  10.252.34.19    YES NVRAM  up                    up      Loopback600                10.252.181.13   YES NVRAM  up                    up      NVI0                       10.252.24.74    YES unset  up                    up      Vlan1                      unassigned      YES unset  down                  down    Vlan73                     192.168.251.82  YES NVRAM  up                    up      tlf-t2-co-bb-wan-rt01#sh int desInterface                      Status         Protocol DescriptionEm0/0                          admin down     down     Gi0/0                          up             up       WAN - SABM-COL-BAQ-MW-M-386781 - ID DSR-3606198Gi0/0.1100                     up             up       WAN - SABM-COL-BAQ-MW-M-386781 - ID DSR-3606198Gi0/1                          up             up       LAN - SABM-COL-BAQ-MW-M-386781Gi0/1.6                        up             up       CNX_TO_MAIN_COREGi0/1.853                      up             up       #### CSA SWT MANAGEMENT ####Gi0/1.899                      up             up       VOICE_ROUTINGGi0/2                          up             up       LAN_SABMILLER_BKPGi0/2.897                      up             up       CNX_TO_BKP_COREGi0/2.899                      admin down     down     VOICE_ROUTING_BKP_CNXGi0/0/0                        up             up       Interface__Fisico__L2__para__Gestion__WAVEGi0/0/1                        up             up       Interface__Fisico__L2__Gestion__hacia__el__otro__RouterGi0/0/2                        down           down     Gi0/0/3                        down           down     Lo0                            up             up       #### CSA MANAGEMENT ####Lo1                            up             up       #### CNOC MANAGEMENT ####Lo600                          up             up       0000386781>F2>0NV0                            up             up       Vl1                            down           down     Vl73                           up             up       Interface__VLAN__para__Gestion__WAVE     0 input errors, 0 CRC, 0 frame, 0 overrun, 0 ignoredtlf-t2-co-bb-wan-rt01#sh ip bg sumBGP router identifier 200.148.221.194, local AS number 64784BGP table version is 133831, main routing table version 13383166 network entries using 9768 bytes of memory89 path entries using 5696 bytes of memory4/3 BGP path/bestpath attribute entries using 544 bytes of memory0 BGP route-map cache entries using 0 bytes of memory0 BGP filter-list cache entries using 0 bytes of memoryBGP using 16008 total bytes of memoryBGP activity 53551/53485 prefixes, 66162/66073 paths, scan interval 60 secsNeighbor        V           AS MsgRcvd MsgSent   TblVer  InQ OutQ Up/Down  State/PfxRcd10.162.130.235  4        64784   42522   48626   133831    0    0 5d00h          2510.252.24.73    4         3816       0       0        1    0    0 00:13:31 Active192.168.1.2     4        64784  532509  606462   133831    0    0 9w0d           23tlf-t2-co-bb-wan-rt01#sh ver * i uptimetlf-t2-co-bb-wan-rt01 uptime is 9 weeks, 2 hours, 57 minutestlf-t2-co-bb-wan-rt01#sh clock09:02:35.342 GMT Wed Apr 17 2019",,No_Site,,,reempalme de fibra,20190418085200.0,FERNANDO MURCIA GOMES,N,,20190417135211.0,NETWORK SERVICES,MPLS VPN,MPLS VPN Site,Failure,Damage in Main Line Working with Backup,Damage in Main Line Working with Backup,Provider,Local Loop,Fiber cut,Telefonica Colombia (Movistar Empresas),20190417200023.0,368,,Y,20140416-SITEMPLS-0000386781,Colombia,Barranquilla,,20140416-SITEMPLS-0000386781,IDGAA5V0F5V26APQDY8ZPPGMS156SW
INC000001717509,2019-05-16 16:50:00,2019-05-16 16:54:00,2019-05-16 16:54:00,User Service Restoration,Direct Input,,,mncsd.cnafm03,20190500000000,5,0,Telefonica,SMC AMERICAS,SD_AMERICAS_L2_TECHNICAL,20190500000000,4,4,3,Telefonica Multinational Solutions LATAM,SABMiller,SABMiller,,,,LAN SABMILLER * BARRANQUILLA BREWERY * COLOMBIA * PROBLEMA CON AP,Service Now: INC0853845.,Spain,No_Site,,Madrid,Informado al cliente que AP no propaga la red JARABE.,20190500000000.0,FERNANDO MURCIA GOMES,N,,20190500000000.0,NETWORK SERVICES,MPLS VPN,MPLS VPN Site,Failure,Device,Device,CUSTOMER,CUSTOMER PREMISE EQUIPMENT,CPE - IMPROPER TICKET,,20190500000000.0,0,Informado al cliente que AP no propaga la red JARABE.,Y,20140416-SITEMPLS-0000386781,Colombia,Barranquilla,,20140416-SITEMPLS-0000386781,AGGAA5V0F6IPYAPRLQ9MPQO287ON12
INC000001749909,2019-06-07 20:31:00,2019-06-07 20:59:00,2019-06-07 20:59:00,User Service Restoration,Proactive,,,Int_SigmaWH,20190600000000,5,0,Telefonica,SMC AMERICAS,SD_AMERICAS_L2_TECHNICAL,20190600000000,3,2,1,Telefonica Multinational Solutions LATAM,SABMiller,SABMiller,,,,1. Node Down sabm-col-baq-mw-b-386781,1. Node Down sabm-col-baq-mw-b-386781,,No_Site,,,Incident has been resolved by alarm,20190600000000.0,,N,,20190600000000.0,NETWORK SERVICES,MPLS VPN,MPLS VPN Site,Failure,Total Isolation,Total Isolation,Customer,Customer Premise Equipment,Power supply failure,,,28,YES,Y,20140416-SITEMPLS-0000386781,Colombia,Barranquilla,,20140416-SITEMPLS-0000386781,IDGAA5V0F6F35APSQR6HPRT2AC9KDG
INC000001805583,2019-07-11 18:34:00,2019-07-12 19:41:00,2019-07-12 19:33:00,User Service Restoration,Direct Input,,,mncsd.cnafm03,20190718190246,5,0,Telefonica,SMC AMERICAS,SD_AMERICAS_L2_TECHNICAL,20190711163302,2,2,1,Telefonica Multinational Solutions LATAM,SABMiller,SABMiller,,,,SABMILLER * BARRANQUILLA BREWERY * COLOMBIA * LAWAN22 - GOLD - MAIN,"Service Now: INC0892749.200.148.221.194	BARRANQUILLA BREWERY - LAWAN22 - GOLD - MAINDSR-360619820140416-SITEMPLS-0000386781tlf-t2-co-bb-wan-rt01#sh ip int briInterface                  IP-Address      OK? Method Status                ProtocolEmbedded-Service-Engine0/0 unassigned      YES NVRAM  administratively down down    GigabitEthernet0/0         unassigned      YES NVRAM  up                    up      GigabitEthernet0/0.1100    10.252.24.74    YES NVRAM  up                    up      GigabitEthernet0/1         unassigned      YES NVRAM  up                    up      GigabitEthernet0/1.6       10.162.130.233  YES NVRAM  up                    up      GigabitEthernet0/1.853     10.252.36.130   YES NVRAM  up                    up      GigabitEthernet0/1.899     10.163.254.25   YES NVRAM  up                    up      GigabitEthernet0/2         unassigned      YES NVRAM  up                    up      GigabitEthernet0/2.897     192.168.1.1     YES NVRAM  up                    up      GigabitEthernet0/2.899     unassigned      YES unset  administratively down down    GigabitEthernet0/0/0       unassigned      YES unset  up                    up      GigabitEthernet0/0/1       unassigned      YES unset  up                    up      GigabitEthernet0/0/2       unassigned      YES unset  down                  down    GigabitEthernet0/0/3       unassigned      YES unset  down                  down    Loopback0                  200.148.221.194 YES NVRAM  up                    up      Loopback1                  10.252.34.19    YES NVRAM  up                    up      Loopback600                10.252.181.13   YES NVRAM  up                    up      NVI0                       10.252.24.74    YES unset  up                    up      Vlan1                      unassigned      YES unset  down                  down    Vlan73                     192.168.251.82  YES NVRAM  up                    up      tlf-t2-co-bb-wan-rt01#sh int desInterface                      Status         Protocol DescriptionEm0/0                          admin down     down     Gi0/0                          up             up       WAN - SABM-COL-BAQ-MW-M-386781 - ID DSR-3606198Gi0/0.1100                     up             up       WAN - SABM-COL-BAQ-MW-M-386781 - ID DSR-3606198Gi0/1                          up             up       LAN - SABM-COL-BAQ-MW-M-386781Gi0/1.6                        up             up       CNX_TO_MAIN_COREGi0/1.853                      up             up       #### CSA SWT MANAGEMENT ####Gi0/1.899                      up             up       VOICE_ROUTINGGi0/2                          up             up       LAN_SABMILLER_BKPGi0/2.897                      up             up       CNX_TO_BKP_COREGi0/2.899                      admin down     down     VOICE_ROUTING_BKP_CNXGi0/0/0                        up             up       Interface__Fisico__L2__para__Gestion__WAVEGi0/0/1                        up             up       Interface__Fisico__L2__Gestion__hacia__el__otro__RouterGi0/0/2                        down           down     Gi0/0/3                        down           down     Lo0                            up             up       #### CSA MANAGEMENT ####Lo1                            up             up       #### CNOC MANAGEMENT ####Lo600                          up             up       0000386781>F2>0NV0                            up             up       Vl1                            down           down     Vl73                           up             up       Interface__VLAN__para__Gestion__WAVEtlf-t2-co-bb-wan-rt01#sh ip bg sumBGP router identifier 200.148.221.194, local AS number 64784BGP table version is 96314, main routing table version 9631466 network entries using 9768 bytes of memory89 path entries using 5696 bytes of memory4/3 BGP path/bestpath attribute entries using 544 bytes of memory0 BGP route-map cache entries using 0 bytes of memory0 BGP filter-list cache entries using 0 bytes of memoryBGP using 16008 total bytes of memoryBGP activity 36932/36866 prefixes, 47476/47387 paths, scan interval 60 secsNeighbor        V           AS MsgRcvd MsgSent   TblVer  InQ OutQ Up/Down  State/PfxRcd10.162.130.235  4        64784   66733   77077    96314    0    0 1w0d           2510.252.24.73    4         3816       0       0        1    0    0 01:23:14 Idle192.168.1.2     4        64784  285985  324962    96314    0    0 4w5d           23tlf-t2-co-bb-wan-rt01#sh ver * i uptimetlf-t2-co-bb-wan-rt01 uptime is 4 weeks, 5 days, 21 hours, 38 minutestlf-t2-co-bb-wan-rt01#sh clock.11:32:43.900 GMT Thu Jul 11 2019",Spain,No_Site,,Madrid,Fusion fibra,20190712173132.0,FERNANDO MURCIA GOMES,N,,20190711163401.0,NETWORK SERVICES,MPLS VPN,MPLS VPN Site,Failure,Damage in Main Line Working with Backup,Damage in Main Line Working with Backup,Provider,Local Loop,Fiber cut,Telefonica Colombia (Movistar Empresas),20190711192057.0,359,Rompimiento de fibra,Y,20140416-SITEMPLS-0000386781,Colombia,Barranquilla,,20140416-SITEMPLS-0000386781,AGGAA5V0F5WOOAPU7KOPPTKEPMSYMV
INC000001814586,2019-07-18 05:27:00,2019-07-18 16:46:00,2019-07-18 15:59:00,User Service Restoration,Direct Input,,,mncsd.cnaap04,20190718190246,5,0,Telefonica,SMC AMERICAS,SD_AMERICAS_L2_TECHNICAL,20190718032559,2,2,1,Telefonica Multinational Solutions LATAM,SABMiller,SABMiller,,,,SABMILLER * BARRANQUILLA BREWERY * COLOMBIA * MAIN CIRCUIT DOWN,INC0896595,Spain,No_Site,,Madrid,Cambio de conectores en el nodo,20190719052726.0,ANTONIO PEREIRA BATISTA JUNIOR,N,,20190718032726.0,NETWORK SERVICES,MPLS VPN,MPLS VPN Site,Failure,Damage in Main Line Working with Backup,Damage in Main Line Working with Backup,Provider,Local NNI,Damaged connector,Telefonica Colombia (Movistar Empresas),20190718132228.0,594,Cambio de conectores en el nodo,Y,20140416-SITEMPLS-0000386781,Colombia,Barranquilla,,20140416-SITEMPLS-0000386781,AGGAA5V0F5WOOAPUT8XQPTWCYNFO2A
INC000001820430,2019-07-22 20:47:00,2019-07-22 20:49:00,2019-07-22 20:49:00,User Service Restoration,Proactive,,,Int_SigmaWH,20190723030023,6,26001,Telefonica,SMC AMERICAS,SD_AMERICAS_L2_TECHNICAL,20190722184417,3,2,1,Telefonica Multinational Solutions LATAM,SABMiller,SABMiller,,,,1. Node Down sabm-col-baq-mw-m-386781,1. Node Down sabm-col-baq-mw-m-386781,,No_Site,,,,,,N,,20190722184922.0,NETWORK SERVICES,MPLS VPN,MPLS VPN Site,Failure,Total Isolation,Total Isolation,NO DATA,NO DATA,NO DATA,,,0,,Y,20140416-SITEMPLS-0000386781,Colombia,Barranquilla,,20140416-SITEMPLS-0000386781,IDGAA5V0F6F35APVCEH4PUELUZ6XZ4
INC000001820756,2019-07-22 20:52:00,2019-07-22 20:55:00,2019-07-22 20:55:00,User Service Restoration,Proactive,,,Int_SigmaWH,20190723030024,6,26001,Telefonica,SMC AMERICAS,SD_AMERICAS_L2_TECHNICAL,20190722184417,3,2,1,Telefonica Multinational Solutions LATAM,SABMiller,SABMiller,,,,1. Node Down sabm-col-baq-mw-b-386781,1. Node Down sabm-col-baq-mw-b-386781,,No_Site,,,,,,N,,20190722185503.0,NETWORK SERVICES,MPLS VPN,MPLS VPN Site,Failure,Total Isolation,Total Isolation,NO DATA,NO DATA,NO DATA,,,0,,Y,20140416-SITEMPLS-0000386781,Colombia,Barranquilla,,20140416-SITEMPLS-0000386781,IDGAA5V0F5V26APVCE6FPUEN8CJ3MH
INC000001877428,2019-09-03 21:15:00,2019-09-04 03:48:00,2019-09-04 03:48:00,User Service Restoration,Proactive,,,Int_SigmaWH,20190904014949,5,0,Telefonica,SMC AMERICAS,SD_AMERICAS_L2_TECHNICAL,20190903191507,3,2,1,Telefonica Multinational Solutions LATAM,SABMiller,SABMiller,,,,SABMILLER * BARRANQUILLA BREWERY * COLOMBIA * LINK DOWN,1. Node Down sabm-col-baq-mw-b-386781,,No_Site,,,Incident has been resolved by alarm,20190904014813.0,Ivan Augusto Guimarães Cabral,N,,20190903191547.0,NETWORK SERVICES,MPLS VPN,MPLS VPN Site,Failure,Total Isolation,Total Isolation,Customer,Customer Premise Equipment,Power supply failure,Telefonica Colombia (Movistar Empresas),20190903192205.0,6,YES,Y,20140416-SITEMPLS-0000386781,Colombia,Barranquilla,,20140416-SITEMPLS-0000386781,IDGAA5V0F6F35APXJSG1PW2GZEV6C4
INC000001894086,2019-09-16 03:42:00,2019-09-16 06:35:00,2019-09-16 06:35:00,User Service Restoration,Proactive,,,Int_SigmaWH,20190916043701,5,0,Telefonica,SMC AMERICAS,SD_AMERICAS_L2_TECHNICAL,20190916014216,3,2,1,Telefonica Multinational Solutions LATAM,SABMiller,SABMiller,,,,SABMILLER * BARRANQUILLA BREWERY  * TOTAL ISOLATION,LOOPBACK P: 200.148.221.194LOOPBACK B: 200.148.221.1951. Node Down sabm-col-baq-mw-m-386781,,No_Site,,,Incident has been resolved by alarm,20190916043551.0,LEANDRO NASCIMENTO,N,,20190916014251.0,NETWORK SERVICES,MPLS VPN,MPLS VPN Site,Failure,Total Isolation,Total Isolation,Customer,Customer Premise Equipment,Power supply failure,Telefonica Colombia (Movistar Empresas),20190916015238.0,9,YES,Y,20140416-SITEMPLS-0000386781,Colombia,Cra 10 # 38-280,,20140416-SITEMPLS-0000386781,IDGAA5V0F6F35APXW8D5PWYWWILQEE
INC000001914637,2019-09-28 07:23:00,2019-09-28 07:28:00,2019-09-28 07:28:00,User Service Restoration,Proactive,,,Int_SigmaWH,20190929030007,6,26001,Telefonica,SMC AMERICAS,SD_AMERICAS_L2_TECHNICAL,20190928052235,3,2,1,Telefonica Colombia (Movistar Empresas),SABMiller,SABMiller,,,,1. Node Down sabm-col-baq-mw-b-386781,1. Node Down sabm-col-baq-mw-b-386781,Spain,No_Site,,Madrid,,,GONZALO PEREZ,N,,20190928052309.0,NETWORK SERVICES,MPLS VPN,MPLS VPN Site,Failure,Damage in Backup Line,Damage in Backup Line,NO DATA,NO DATA,NO DATA,,20190928052550.0,0,,N,20140416-SITEMPLS-0000386781_Service Supplier Instance #22359,,,,20140416-SITEMPLS-0000386781,IDGAA5V0F6F35APY9A0LPXL3F42Y6A
INC000001927321,2019-10-06 19:19:00,2019-10-06 20:57:00,2019-10-06 20:57:00,User Service Restoration,Proactive,,,Int_SigmaWH,20191006185744,5,0,Telefonica,SMC AMERICAS,SD_AMERICAS_L2_TECHNICAL,20191006171844,3,2,1,Telefonica Multinational Solutions LATAM,SABMiller,SABMiller,,,,1. Node Down sabm-col-baq-mw-m-386781,1. Node Down sabm-col-baq-mw-m-386781,,No_Site,,,Incident has been resolved by alarm,20191006185734.0,Fabio Queiroz Rodrigues,N,,20191006171918.0,NETWORK SERVICES,MPLS VPN,MPLS VPN Site,Failure,Total Isolation,Total Isolation,Customer,Customer Premise Equipment,Power supply failure,Telefonica Colombia (Movistar Empresas),20191006173814.0,18,YES,Y,20140416-SITEMPLS-0000386781,Colombia,Cra 10 # 38-280,,20140416-SITEMPLS-0000386781,IDGAA5V0F6F35APYYQSGPYBDDR07S6
INC000002025805,2019-12-04 12:51:00,2019-12-06 19:44:00,2019-12-04 19:22:00,User Service Restoration,Proactive,,,Int_SigmaWH,20191209184837,5,0,Telefonica,SMC AMERICAS,SD_AMERICAS_L2_TECHNICAL,20191204115054,1,1,0,Telefonica Multinational Solutions LATAM,SABMiller,SABMiller,,,,SABMILLER * BARRANQUILLA BREWERY * COLOMBIA * MAIN AND BACKUP DOWN,1. Node Down sabm-col-baq-mw-m-386781,,No_Site,,,Force Majeure,20191204182158.0,FERNANDO MURCIA GOMES,N,,20191204115130.0,NETWORK SERVICES,MPLS VPN,MPLS VPN Site,Failure,Total Isolation,Total Isolation,Provider,Local Loop,Fiber cut,Telefonica Colombia (Movistar Empresas),20191204173934.0,303,Force Majeure,Y,20140416-SITEMPLS-0000386781,Colombia,Barranquilla,,20140416-SITEMPLS-0000386781,IDGAA5V0F6F35AQBZKXVQBBT1S0T3O
INC000002026386,2019-12-04 18:39:00,2019-12-04 18:47:00,2019-12-04 18:47:00,User Service Restoration,Proactive,,,Int_SigmaWH,20191205030019,6,26001,Telefonica,SMC AMERICAS,SD_AMERICAS_L2_TECHNICAL,20191204173851,3,2,1,Telefonica Multinational Solutions LATAM,SABMiller,SABMiller,,,,1. Node Down backup,1. Node Down backup,,No_Site,,,,,Fabio Queiroz Rodrigues,N,,20191204173934.0,NETWORK SERVICES,MPLS VPN,MPLS VPN Site,Failure,Damage in Backup Line,Damage in Backup Line,NO DATA,NO DATA,NO DATA,,20191204174435.0,0,,Y,20140416-SITEMPLS-0000386781,Colombia,Barranquilla,,20140416-SITEMPLS-0000386781,IDGAA5V0F5V26AQCABBYQBCJOHAWF5
